<?xml version="1.0" encoding="UTF-8"?>
<siege_schedule xmlns:xsi="http://www.w3.org/2001/XMLSchema-instance" xsi:noNamespaceSchemaLocation="siege_schedule.xsd">
    <!-- Siel's Western (Reshanta Lower) -->
    <fortress id="1131">
        <siegeTime>0 0 16 ? * TUE,THU,FRI,SAT,SUN</siegeTime> <!-- 4.8 -->
    </fortress>
    <!-- Siel's Eastearn (Reshanta Lower) -->
    <fortress id="1132">
        <siegeTime>0 0 16 ? * TUE,THU,FRI,SAT,SUN</siegeTime> <!-- 4.8 -->
    </fortress>
    <!-- Sulfur (Reshanta Lower) -->
    <fortress id="1141">
        <siegeTime>0 0 16 ? * MON,WED,FRI,SAT,SUN</siegeTime> <!-- 4.8 -->
    </fortress>
    <!-- Divine Fortress (Reshanta Core)
    <fortress id="1011">
        <siegeTime>0 0 21 ? * SUN</siegeTime>
    </fortress> -->
    <!-- Roah (Reshanta Upper)
    <fortress id="1211">
        <siegeTime>0 0 16 ? * MON,WED,FRI,SAT,SUN</siegeTime>
    </fortress> -->
    <!-- Krotan (Reshanta Upper) -->
    <fortress id="1221">
        <siegeTime>0 0 21 ? * TUE,THU,SAT,SUN</siegeTime> <!-- 4.8 -->
    </fortress>
    <!-- Kysis (Reshanta Upper) -->
    <fortress id="1231">
        <siegeTime>0 0 21 ? * TUE,THU,SAT,SUN</siegeTime> <!-- 4.8 -->
    </fortress>
    <!-- Miren (Reshanta Upper) -->
    <fortress id="1241">
        <siegeTime>0 0 21 ? * TUE,THU,SAT,SUN</siegeTime> <!-- 4.8 -->
    </fortress>   
    <!-- Asteria (Reshanta Upper)
    <fortress id="1251">
        <siegeTime>0 0 16 ? * MON,WED,FRI,SAT,SUN</siegeTime>
    </fortress> -->
    <!-- Temple Of Scales (Inggison) -->
    <fortress id="2011">
        <siegeTime>0 0 21 ? * MON,WED,SAT</siegeTime> <!-- 4.8 -->
    </fortress>
    <!-- Altar Of Avarice (Inggison) -->
    <fortress id="2021">
        <siegeTime>0 0 21 ? * MON,WED,SAT</siegeTime> <!-- 4.8 -->
    </fortress>
    <!-- Vorgaltem Citadel (Gelkmaros) -->
    <fortress id="3011">
        <siegeTime>0 0 21 ? * MON,WED,SAT</siegeTime> <!-- 4.8 -->
    </fortress>
    <!-- Crison Temple (Gelkmaros) -->
    <fortress id="3021">
        <siegeTime>0 0 21 ? * MON,WED,SAT</siegeTime> <!-- 4.8 -->
    </fortress>        
    <!-- Anoha Fortress (Kaldor) -->
    <fortress id="7011">
        <siegeTime>0 0 18 ? * SUN</siegeTime> <!-- 4.8 -->
    </fortress>
    <!-- Pangea Fortress --> 
    <!-- Belus Fortress -->     
    <fortress id="10111">
        <siegeTime>0 0 19 ? * SAT</siegeTime> <!-- 4.8 -->
    </fortress>
    <!-- Aspida Fortress --> 
    <fortress id="10211">
        <siegeTime>0 0 19 ? * SAT</siegeTime> <!-- 4.8 -->
    </fortress>
    <!-- Atanaos Fortress --> 
    <fortress id="10311">
        <siegeTime>0 0 19 ? * SAT</siegeTime> <!-- 4.8 -->
    </fortress>
    <!-- Disillon Fortress --> 
    <fortress id="10411">
        <siegeTime>0 0 19 ? * SAT</siegeTime> <!-- 4.8 -->
    </fortress>                            
</siege_schedule>